"Soort misdrijf";"Perioden";"Regio's";"Geregisteerde misdrijven (aantal)"
"Totaal misdrijven";"2013";"Nederland";1078439
"Totaal misdrijven";"2014";"Nederland";1001181
"Totaal misdrijven";"2015";"Nederland";959962
"Totaal misdrijven";"2016";"Nederland";912940
"Totaal misdrijven";"2017";"Nederland";815525
"Totaal misdrijven";"2018";"Nederland";768099
"Totaal misdrijven";"2013";"Groningen (PV)";33753
"Totaal misdrijven";"2014";"Groningen (PV)";30161
"Totaal misdrijven";"2015";"Groningen (PV)";29793
"Totaal misdrijven";"2016";"Groningen (PV)";29302
"Totaal misdrijven";"2017";"Groningen (PV)";24992
"Totaal misdrijven";"2018";"Groningen (PV)";24054
"Totaal misdrijven";"2013";"Friesland (PV)";28288
"Totaal misdrijven";"2014";"Friesland (PV)";27223
"Totaal misdrijven";"2015";"Friesland (PV)";26327
"Totaal misdrijven";"2016";"Friesland (PV)";24377
"Totaal misdrijven";"2017";"Friesland (PV)";21374
"Totaal misdrijven";"2018";"Friesland (PV)";21705
"Totaal misdrijven";"2013";"Drenthe (PV)";22445
"Totaal misdrijven";"2014";"Drenthe (PV)";20949
"Totaal misdrijven";"2015";"Drenthe (PV)";19820
"Totaal misdrijven";"2016";"Drenthe (PV)";18416
"Totaal misdrijven";"2017";"Drenthe (PV)";16221
"Totaal misdrijven";"2018";"Drenthe (PV)";15392
"Totaal misdrijven";"2013";"Overijssel (PV)";59898
"Totaal misdrijven";"2014";"Overijssel (PV)";53081
"Totaal misdrijven";"2015";"Overijssel (PV)";50094
"Totaal misdrijven";"2016";"Overijssel (PV)";48109
"Totaal misdrijven";"2017";"Overijssel (PV)";42915
"Totaal misdrijven";"2018";"Overijssel (PV)";41586
"Totaal misdrijven";"2013";"Flevoland (PV)";25543
"Totaal misdrijven";"2014";"Flevoland (PV)";22952
"Totaal misdrijven";"2015";"Flevoland (PV)";21297
"Totaal misdrijven";"2016";"Flevoland (PV)";20565
"Totaal misdrijven";"2017";"Flevoland (PV)";18398
"Totaal misdrijven";"2018";"Flevoland (PV)";17885
"Totaal misdrijven";"2013";"Gelderland (PV)";110088
"Totaal misdrijven";"2014";"Gelderland (PV)";99651
"Totaal misdrijven";"2015";"Gelderland (PV)";93757
"Totaal misdrijven";"2016";"Gelderland (PV)";91494
"Totaal misdrijven";"2017";"Gelderland (PV)";80520
"Totaal misdrijven";"2018";"Gelderland (PV)";75488
"Totaal misdrijven";"2013";"Utrecht (PV)";77955
"Totaal misdrijven";"2014";"Utrecht (PV)";74473
"Totaal misdrijven";"2015";"Utrecht (PV)";73114
"Totaal misdrijven";"2016";"Utrecht (PV)";71111
"Totaal misdrijven";"2017";"Utrecht (PV)";65519
"Totaal misdrijven";"2018";"Utrecht (PV)";62431
"Totaal misdrijven";"2013";"Noord-Holland (PV)";214561
"Totaal misdrijven";"2014";"Noord-Holland (PV)";200038
"Totaal misdrijven";"2015";"Noord-Holland (PV)";195840
"Totaal misdrijven";"2016";"Noord-Holland (PV)";183777
"Totaal misdrijven";"2017";"Noord-Holland (PV)";165795
"Totaal misdrijven";"2018";"Noord-Holland (PV)";157269
"Totaal misdrijven";"2013";"Zuid-Holland (PV)";249250
"Totaal misdrijven";"2014";"Zuid-Holland (PV)";233306
"Totaal misdrijven";"2015";"Zuid-Holland (PV)";221015
"Totaal misdrijven";"2016";"Zuid-Holland (PV)";214520
"Totaal misdrijven";"2017";"Zuid-Holland (PV)";193459
"Totaal misdrijven";"2018";"Zuid-Holland (PV)";177635
"Totaal misdrijven";"2013";"Zeeland (PV)";18767
"Totaal misdrijven";"2014";"Zeeland (PV)";16819
"Totaal misdrijven";"2015";"Zeeland (PV)";16600
"Totaal misdrijven";"2016";"Zeeland (PV)";15354
"Totaal misdrijven";"2017";"Zeeland (PV)";13322
"Totaal misdrijven";"2018";"Zeeland (PV)";12489
"Totaal misdrijven";"2013";"Noord-Brabant (PV)";161652
"Totaal misdrijven";"2014";"Noord-Brabant (PV)";149495
"Totaal misdrijven";"2015";"Noord-Brabant (PV)";143408
"Totaal misdrijven";"2016";"Noord-Brabant (PV)";133072
"Totaal misdrijven";"2017";"Noord-Brabant (PV)";117032
"Totaal misdrijven";"2018";"Noord-Brabant (PV)";110462
"Totaal misdrijven";"2013";"Limburg (PV)";76209
"Totaal misdrijven";"2014";"Limburg (PV)";73016
"Totaal misdrijven";"2015";"Limburg (PV)";68147
"Totaal misdrijven";"2016";"Limburg (PV)";62227
"Totaal misdrijven";"2017";"Limburg (PV)";55848
"Totaal misdrijven";"2018";"Limburg (PV)";51547
"1.2.3 Diefstal van brom-, snor-, fietsen";"2013";"Nederland";122787
"1.2.3 Diefstal van brom-, snor-, fietsen";"2014";"Nederland";127284
"1.2.3 Diefstal van brom-, snor-, fietsen";"2015";"Nederland";123350
"1.2.3 Diefstal van brom-, snor-, fietsen";"2016";"Nederland";110795
"1.2.3 Diefstal van brom-, snor-, fietsen";"2017";"Nederland";91522
"1.2.3 Diefstal van brom-, snor-, fietsen";"2018";"Nederland";82120
"1.2.3 Diefstal van brom-, snor-, fietsen";"2013";"Groningen (PV)";5768
"1.2.3 Diefstal van brom-, snor-, fietsen";"2014";"Groningen (PV)";5064
"1.2.3 Diefstal van brom-, snor-, fietsen";"2015";"Groningen (PV)";5235
"1.2.3 Diefstal van brom-, snor-, fietsen";"2016";"Groningen (PV)";4807
"1.2.3 Diefstal van brom-, snor-, fietsen";"2017";"Groningen (PV)";3328
"1.2.3 Diefstal van brom-, snor-, fietsen";"2018";"Groningen (PV)";2991
"1.2.3 Diefstal van brom-, snor-, fietsen";"2013";"Friesland (PV)";3442
"1.2.3 Diefstal van brom-, snor-, fietsen";"2014";"Friesland (PV)";3623
"1.2.3 Diefstal van brom-, snor-, fietsen";"2015";"Friesland (PV)";3263
"1.2.3 Diefstal van brom-, snor-, fietsen";"2016";"Friesland (PV)";2478
"1.2.3 Diefstal van brom-, snor-, fietsen";"2017";"Friesland (PV)";1793
"1.2.3 Diefstal van brom-, snor-, fietsen";"2018";"Friesland (PV)";1790
"1.2.3 Diefstal van brom-, snor-, fietsen";"2013";"Drenthe (PV)";2347
"1.2.3 Diefstal van brom-, snor-, fietsen";"2014";"Drenthe (PV)";2337
"1.2.3 Diefstal van brom-, snor-, fietsen";"2015";"Drenthe (PV)";2300
"1.2.3 Diefstal van brom-, snor-, fietsen";"2016";"Drenthe (PV)";1849
"1.2.3 Diefstal van brom-, snor-, fietsen";"2017";"Drenthe (PV)";1319
"1.2.3 Diefstal van brom-, snor-, fietsen";"2018";"Drenthe (PV)";1148
"1.2.3 Diefstal van brom-, snor-, fietsen";"2013";"Overijssel (PV)";9515
"1.2.3 Diefstal van brom-, snor-, fietsen";"2014";"Overijssel (PV)";8979
"1.2.3 Diefstal van brom-, snor-, fietsen";"2015";"Overijssel (PV)";8624
"1.2.3 Diefstal van brom-, snor-, fietsen";"2016";"Overijssel (PV)";7319
"1.2.3 Diefstal van brom-, snor-, fietsen";"2017";"Overijssel (PV)";6306
"1.2.3 Diefstal van brom-, snor-, fietsen";"2018";"Overijssel (PV)";5514
"1.2.3 Diefstal van brom-, snor-, fietsen";"2013";"Flevoland (PV)";2026
"1.2.3 Diefstal van brom-, snor-, fietsen";"2014";"Flevoland (PV)";1985
"1.2.3 Diefstal van brom-, snor-, fietsen";"2015";"Flevoland (PV)";1975
"1.2.3 Diefstal van brom-, snor-, fietsen";"2016";"Flevoland (PV)";1904
"1.2.3 Diefstal van brom-, snor-, fietsen";"2017";"Flevoland (PV)";1032
"1.2.3 Diefstal van brom-, snor-, fietsen";"2018";"Flevoland (PV)";1123
"1.2.3 Diefstal van brom-, snor-, fietsen";"2013";"Gelderland (PV)";14162
"1.2.3 Diefstal van brom-, snor-, fietsen";"2014";"Gelderland (PV)";13413
"1.2.3 Diefstal van brom-, snor-, fietsen";"2015";"Gelderland (PV)";11376
"1.2.3 Diefstal van brom-, snor-, fietsen";"2016";"Gelderland (PV)";10945
"1.2.3 Diefstal van brom-, snor-, fietsen";"2017";"Gelderland (PV)";8037
"1.2.3 Diefstal van brom-, snor-, fietsen";"2018";"Gelderland (PV)";7193
"1.2.3 Diefstal van brom-, snor-, fietsen";"2013";"Utrecht (PV)";7964
"1.2.3 Diefstal van brom-, snor-, fietsen";"2014";"Utrecht (PV)";8447
"1.2.3 Diefstal van brom-, snor-, fietsen";"2015";"Utrecht (PV)";9821
"1.2.3 Diefstal van brom-, snor-, fietsen";"2016";"Utrecht (PV)";8856
"1.2.3 Diefstal van brom-, snor-, fietsen";"2017";"Utrecht (PV)";7892
"1.2.3 Diefstal van brom-, snor-, fietsen";"2018";"Utrecht (PV)";7299
"1.2.3 Diefstal van brom-, snor-, fietsen";"2013";"Noord-Holland (PV)";24150
"1.2.3 Diefstal van brom-, snor-, fietsen";"2014";"Noord-Holland (PV)";24915
"1.2.3 Diefstal van brom-, snor-, fietsen";"2015";"Noord-Holland (PV)";24801
"1.2.3 Diefstal van brom-, snor-, fietsen";"2016";"Noord-Holland (PV)";21584
"1.2.3 Diefstal van brom-, snor-, fietsen";"2017";"Noord-Holland (PV)";18369
"1.2.3 Diefstal van brom-, snor-, fietsen";"2018";"Noord-Holland (PV)";19049
"1.2.3 Diefstal van brom-, snor-, fietsen";"2013";"Zuid-Holland (PV)";23007
"1.2.3 Diefstal van brom-, snor-, fietsen";"2014";"Zuid-Holland (PV)";26216
"1.2.3 Diefstal van brom-, snor-, fietsen";"2015";"Zuid-Holland (PV)";26422
"1.2.3 Diefstal van brom-, snor-, fietsen";"2016";"Zuid-Holland (PV)";27755
"1.2.3 Diefstal van brom-, snor-, fietsen";"2017";"Zuid-Holland (PV)";24479
"1.2.3 Diefstal van brom-, snor-, fietsen";"2018";"Zuid-Holland (PV)";19261
"1.2.3 Diefstal van brom-, snor-, fietsen";"2013";"Zeeland (PV)";1903
"1.2.3 Diefstal van brom-, snor-, fietsen";"2014";"Zeeland (PV)";1734
"1.2.3 Diefstal van brom-, snor-, fietsen";"2015";"Zeeland (PV)";1633
"1.2.3 Diefstal van brom-, snor-, fietsen";"2016";"Zeeland (PV)";1471
"1.2.3 Diefstal van brom-, snor-, fietsen";"2017";"Zeeland (PV)";984
"1.2.3 Diefstal van brom-, snor-, fietsen";"2018";"Zeeland (PV)";819
"1.2.3 Diefstal van brom-, snor-, fietsen";"2013";"Noord-Brabant (PV)";19237
"1.2.3 Diefstal van brom-, snor-, fietsen";"2014";"Noord-Brabant (PV)";21050
"1.2.3 Diefstal van brom-, snor-, fietsen";"2015";"Noord-Brabant (PV)";19177
"1.2.3 Diefstal van brom-, snor-, fietsen";"2016";"Noord-Brabant (PV)";15061
"1.2.3 Diefstal van brom-, snor-, fietsen";"2017";"Noord-Brabant (PV)";12151
"1.2.3 Diefstal van brom-, snor-, fietsen";"2018";"Noord-Brabant (PV)";10915
"1.2.3 Diefstal van brom-, snor-, fietsen";"2013";"Limburg (PV)";9266
"1.2.3 Diefstal van brom-, snor-, fietsen";"2014";"Limburg (PV)";9521
"1.2.3 Diefstal van brom-, snor-, fietsen";"2015";"Limburg (PV)";8723
"1.2.3 Diefstal van brom-, snor-, fietsen";"2016";"Limburg (PV)";6766
"1.2.3 Diefstal van brom-, snor-, fietsen";"2017";"Limburg (PV)";5832
"1.2.3 Diefstal van brom-, snor-, fietsen";"2018";"Limburg (PV)";5018
"1.2.4 Zakkenrollerij";"2013";"Nederland";41979
"1.2.4 Zakkenrollerij";"2014";"Nederland";33291
"1.2.4 Zakkenrollerij";"2015";"Nederland";29286
"1.2.4 Zakkenrollerij";"2016";"Nederland";25398
"1.2.4 Zakkenrollerij";"2017";"Nederland";20885
"1.2.4 Zakkenrollerij";"2018";"Nederland";15118
"1.2.4 Zakkenrollerij";"2013";"Groningen (PV)";807
"1.2.4 Zakkenrollerij";"2014";"Groningen (PV)";546
"1.2.4 Zakkenrollerij";"2015";"Groningen (PV)";546
"1.2.4 Zakkenrollerij";"2016";"Groningen (PV)";655
"1.2.4 Zakkenrollerij";"2017";"Groningen (PV)";381
"1.2.4 Zakkenrollerij";"2018";"Groningen (PV)";271
"1.2.4 Zakkenrollerij";"2013";"Friesland (PV)";338
"1.2.4 Zakkenrollerij";"2014";"Friesland (PV)";272
"1.2.4 Zakkenrollerij";"2015";"Friesland (PV)";243
"1.2.4 Zakkenrollerij";"2016";"Friesland (PV)";206
"1.2.4 Zakkenrollerij";"2017";"Friesland (PV)";166
"1.2.4 Zakkenrollerij";"2018";"Friesland (PV)";123
"1.2.4 Zakkenrollerij";"2013";"Drenthe (PV)";288
"1.2.4 Zakkenrollerij";"2014";"Drenthe (PV)";212
"1.2.4 Zakkenrollerij";"2015";"Drenthe (PV)";179
"1.2.4 Zakkenrollerij";"2016";"Drenthe (PV)";140
"1.2.4 Zakkenrollerij";"2017";"Drenthe (PV)";118
"1.2.4 Zakkenrollerij";"2018";"Drenthe (PV)";83
"1.2.4 Zakkenrollerij";"2013";"Overijssel (PV)";1175
"1.2.4 Zakkenrollerij";"2014";"Overijssel (PV)";870
"1.2.4 Zakkenrollerij";"2015";"Overijssel (PV)";725
"1.2.4 Zakkenrollerij";"2016";"Overijssel (PV)";538
"1.2.4 Zakkenrollerij";"2017";"Overijssel (PV)";433
"1.2.4 Zakkenrollerij";"2018";"Overijssel (PV)";344
"1.2.4 Zakkenrollerij";"2013";"Flevoland (PV)";837
"1.2.4 Zakkenrollerij";"2014";"Flevoland (PV)";515
"1.2.4 Zakkenrollerij";"2015";"Flevoland (PV)";400
"1.2.4 Zakkenrollerij";"2016";"Flevoland (PV)";346
"1.2.4 Zakkenrollerij";"2017";"Flevoland (PV)";294
"1.2.4 Zakkenrollerij";"2018";"Flevoland (PV)";216
"1.2.4 Zakkenrollerij";"2013";"Gelderland (PV)";3062
"1.2.4 Zakkenrollerij";"2014";"Gelderland (PV)";2184
"1.2.4 Zakkenrollerij";"2015";"Gelderland (PV)";1808
"1.2.4 Zakkenrollerij";"2016";"Gelderland (PV)";1624
"1.2.4 Zakkenrollerij";"2017";"Gelderland (PV)";1402
"1.2.4 Zakkenrollerij";"2018";"Gelderland (PV)";942
"1.2.4 Zakkenrollerij";"2013";"Utrecht (PV)";2729
"1.2.4 Zakkenrollerij";"2014";"Utrecht (PV)";1970
"1.2.4 Zakkenrollerij";"2015";"Utrecht (PV)";1627
"1.2.4 Zakkenrollerij";"2016";"Utrecht (PV)";1327
"1.2.4 Zakkenrollerij";"2017";"Utrecht (PV)";1157
"1.2.4 Zakkenrollerij";"2018";"Utrecht (PV)";763
"1.2.4 Zakkenrollerij";"2013";"Noord-Holland (PV)";15355
"1.2.4 Zakkenrollerij";"2014";"Noord-Holland (PV)";12406
"1.2.4 Zakkenrollerij";"2015";"Noord-Holland (PV)";11826
"1.2.4 Zakkenrollerij";"2016";"Noord-Holland (PV)";10032
"1.2.4 Zakkenrollerij";"2017";"Noord-Holland (PV)";7953
"1.2.4 Zakkenrollerij";"2018";"Noord-Holland (PV)";6324
"1.2.4 Zakkenrollerij";"2013";"Zuid-Holland (PV)";8136
"1.2.4 Zakkenrollerij";"2014";"Zuid-Holland (PV)";7011
"1.2.4 Zakkenrollerij";"2015";"Zuid-Holland (PV)";5572
"1.2.4 Zakkenrollerij";"2016";"Zuid-Holland (PV)";4855
"1.2.4 Zakkenrollerij";"2017";"Zuid-Holland (PV)";4078
"1.2.4 Zakkenrollerij";"2018";"Zuid-Holland (PV)";2674
"1.2.4 Zakkenrollerij";"2013";"Zeeland (PV)";319
"1.2.4 Zakkenrollerij";"2014";"Zeeland (PV)";272
"1.2.4 Zakkenrollerij";"2015";"Zeeland (PV)";205
"1.2.4 Zakkenrollerij";"2016";"Zeeland (PV)";145
"1.2.4 Zakkenrollerij";"2017";"Zeeland (PV)";108
"1.2.4 Zakkenrollerij";"2018";"Zeeland (PV)";81
"1.2.4 Zakkenrollerij";"2013";"Noord-Brabant (PV)";5870
"1.2.4 Zakkenrollerij";"2014";"Noord-Brabant (PV)";4234
"1.2.4 Zakkenrollerij";"2015";"Noord-Brabant (PV)";3705
"1.2.4 Zakkenrollerij";"2016";"Noord-Brabant (PV)";3403
"1.2.4 Zakkenrollerij";"2017";"Noord-Brabant (PV)";2926
"1.2.4 Zakkenrollerij";"2018";"Noord-Brabant (PV)";2032
"1.2.4 Zakkenrollerij";"2013";"Limburg (PV)";3060
"1.2.4 Zakkenrollerij";"2014";"Limburg (PV)";2799
"1.2.4 Zakkenrollerij";"2015";"Limburg (PV)";2450
"1.2.4 Zakkenrollerij";"2016";"Limburg (PV)";2127
"1.2.4 Zakkenrollerij";"2017";"Limburg (PV)";1869
"1.2.4 Zakkenrollerij";"2018";"Limburg (PV)";1264
"1.4.1 Zedenmisdrijf";"2013";"Nederland";7410
"1.4.1 Zedenmisdrijf";"2014";"Nederland";7155
"1.4.1 Zedenmisdrijf";"2015";"Nederland";6767
"1.4.1 Zedenmisdrijf";"2016";"Nederland";7464
"1.4.1 Zedenmisdrijf";"2017";"Nederland";7582
"1.4.1 Zedenmisdrijf";"2018";"Nederland";8224
"1.4.1 Zedenmisdrijf";"2013";"Groningen (PV)";321
"1.4.1 Zedenmisdrijf";"2014";"Groningen (PV)";284
"1.4.1 Zedenmisdrijf";"2015";"Groningen (PV)";335
"1.4.1 Zedenmisdrijf";"2016";"Groningen (PV)";364
"1.4.1 Zedenmisdrijf";"2017";"Groningen (PV)";338
"1.4.1 Zedenmisdrijf";"2018";"Groningen (PV)";360
"1.4.1 Zedenmisdrijf";"2013";"Friesland (PV)";288
"1.4.1 Zedenmisdrijf";"2014";"Friesland (PV)";282
"1.4.1 Zedenmisdrijf";"2015";"Friesland (PV)";321
"1.4.1 Zedenmisdrijf";"2016";"Friesland (PV)";306
"1.4.1 Zedenmisdrijf";"2017";"Friesland (PV)";314
"1.4.1 Zedenmisdrijf";"2018";"Friesland (PV)";317
"1.4.1 Zedenmisdrijf";"2013";"Drenthe (PV)";219
"1.4.1 Zedenmisdrijf";"2014";"Drenthe (PV)";212
"1.4.1 Zedenmisdrijf";"2015";"Drenthe (PV)";281
"1.4.1 Zedenmisdrijf";"2016";"Drenthe (PV)";220
"1.4.1 Zedenmisdrijf";"2017";"Drenthe (PV)";240
"1.4.1 Zedenmisdrijf";"2018";"Drenthe (PV)";281
"1.4.1 Zedenmisdrijf";"2013";"Overijssel (PV)";430
"1.4.1 Zedenmisdrijf";"2014";"Overijssel (PV)";438
"1.4.1 Zedenmisdrijf";"2015";"Overijssel (PV)";422
"1.4.1 Zedenmisdrijf";"2016";"Overijssel (PV)";443
"1.4.1 Zedenmisdrijf";"2017";"Overijssel (PV)";526
"1.4.1 Zedenmisdrijf";"2018";"Overijssel (PV)";630
"1.4.1 Zedenmisdrijf";"2013";"Flevoland (PV)";150
"1.4.1 Zedenmisdrijf";"2014";"Flevoland (PV)";167
"1.4.1 Zedenmisdrijf";"2015";"Flevoland (PV)";110
"1.4.1 Zedenmisdrijf";"2016";"Flevoland (PV)";166
"1.4.1 Zedenmisdrijf";"2017";"Flevoland (PV)";138
"1.4.1 Zedenmisdrijf";"2018";"Flevoland (PV)";178
"1.4.1 Zedenmisdrijf";"2013";"Gelderland (PV)";886
"1.4.1 Zedenmisdrijf";"2014";"Gelderland (PV)";898
"1.4.1 Zedenmisdrijf";"2015";"Gelderland (PV)";895
"1.4.1 Zedenmisdrijf";"2016";"Gelderland (PV)";833
"1.4.1 Zedenmisdrijf";"2017";"Gelderland (PV)";897
"1.4.1 Zedenmisdrijf";"2018";"Gelderland (PV)";1121
"1.4.1 Zedenmisdrijf";"2013";"Utrecht (PV)";399
"1.4.1 Zedenmisdrijf";"2014";"Utrecht (PV)";376
"1.4.1 Zedenmisdrijf";"2015";"Utrecht (PV)";341
"1.4.1 Zedenmisdrijf";"2016";"Utrecht (PV)";412
"1.4.1 Zedenmisdrijf";"2017";"Utrecht (PV)";438
"1.4.1 Zedenmisdrijf";"2018";"Utrecht (PV)";490
"1.4.1 Zedenmisdrijf";"2013";"Noord-Holland (PV)";1026
"1.4.1 Zedenmisdrijf";"2014";"Noord-Holland (PV)";1141
"1.4.1 Zedenmisdrijf";"2015";"Noord-Holland (PV)";1042
"1.4.1 Zedenmisdrijf";"2016";"Noord-Holland (PV)";1235
"1.4.1 Zedenmisdrijf";"2017";"Noord-Holland (PV)";1144
"1.4.1 Zedenmisdrijf";"2018";"Noord-Holland (PV)";1245
"1.4.1 Zedenmisdrijf";"2013";"Zuid-Holland (PV)";1890
"1.4.1 Zedenmisdrijf";"2014";"Zuid-Holland (PV)";1701
"1.4.1 Zedenmisdrijf";"2015";"Zuid-Holland (PV)";1447
"1.4.1 Zedenmisdrijf";"2016";"Zuid-Holland (PV)";1713
"1.4.1 Zedenmisdrijf";"2017";"Zuid-Holland (PV)";1689
"1.4.1 Zedenmisdrijf";"2018";"Zuid-Holland (PV)";1729
"1.4.1 Zedenmisdrijf";"2013";"Zeeland (PV)";202
"1.4.1 Zedenmisdrijf";"2014";"Zeeland (PV)";241
"1.4.1 Zedenmisdrijf";"2015";"Zeeland (PV)";165
"1.4.1 Zedenmisdrijf";"2016";"Zeeland (PV)";189
"1.4.1 Zedenmisdrijf";"2017";"Zeeland (PV)";176
"1.4.1 Zedenmisdrijf";"2018";"Zeeland (PV)";203
"1.4.1 Zedenmisdrijf";"2013";"Noord-Brabant (PV)";1160
"1.4.1 Zedenmisdrijf";"2014";"Noord-Brabant (PV)";980
"1.4.1 Zedenmisdrijf";"2015";"Noord-Brabant (PV)";1046
"1.4.1 Zedenmisdrijf";"2016";"Noord-Brabant (PV)";1194
"1.4.1 Zedenmisdrijf";"2017";"Noord-Brabant (PV)";1268
"1.4.1 Zedenmisdrijf";"2018";"Noord-Brabant (PV)";1189
"1.4.1 Zedenmisdrijf";"2013";"Limburg (PV)";438
"1.4.1 Zedenmisdrijf";"2014";"Limburg (PV)";435
"1.4.1 Zedenmisdrijf";"2015";"Limburg (PV)";362
"1.4.1 Zedenmisdrijf";"2016";"Limburg (PV)";389
"1.4.1 Zedenmisdrijf";"2017";"Limburg (PV)";414
"1.4.1 Zedenmisdrijf";"2018";"Limburg (PV)";481
"1.4.2 Moord, doodslag";"2013";"Nederland";3428
"1.4.2 Moord, doodslag";"2014";"Nederland";3272
"1.4.2 Moord, doodslag";"2015";"Nederland";3155
"1.4.2 Moord, doodslag";"2016";"Nederland";3057
"1.4.2 Moord, doodslag";"2017";"Nederland";2936
"1.4.2 Moord, doodslag";"2018";"Nederland";2717
"1.4.2 Moord, doodslag";"2013";"Groningen (PV)";159
"1.4.2 Moord, doodslag";"2014";"Groningen (PV)";119
"1.4.2 Moord, doodslag";"2015";"Groningen (PV)";100
"1.4.2 Moord, doodslag";"2016";"Groningen (PV)";114
"1.4.2 Moord, doodslag";"2017";"Groningen (PV)";114
"1.4.2 Moord, doodslag";"2018";"Groningen (PV)";97
"1.4.2 Moord, doodslag";"2013";"Friesland (PV)";114
"1.4.2 Moord, doodslag";"2014";"Friesland (PV)";104
"1.4.2 Moord, doodslag";"2015";"Friesland (PV)";76
"1.4.2 Moord, doodslag";"2016";"Friesland (PV)";96
"1.4.2 Moord, doodslag";"2017";"Friesland (PV)";90
"1.4.2 Moord, doodslag";"2018";"Friesland (PV)";66
"1.4.2 Moord, doodslag";"2013";"Drenthe (PV)";112
"1.4.2 Moord, doodslag";"2014";"Drenthe (PV)";100
"1.4.2 Moord, doodslag";"2015";"Drenthe (PV)";69
"1.4.2 Moord, doodslag";"2016";"Drenthe (PV)";80
"1.4.2 Moord, doodslag";"2017";"Drenthe (PV)";93
"1.4.2 Moord, doodslag";"2018";"Drenthe (PV)";68
"1.4.2 Moord, doodslag";"2013";"Overijssel (PV)";207
"1.4.2 Moord, doodslag";"2014";"Overijssel (PV)";182
"1.4.2 Moord, doodslag";"2015";"Overijssel (PV)";174
"1.4.2 Moord, doodslag";"2016";"Overijssel (PV)";166
"1.4.2 Moord, doodslag";"2017";"Overijssel (PV)";157
"1.4.2 Moord, doodslag";"2018";"Overijssel (PV)";134
"1.4.2 Moord, doodslag";"2013";"Flevoland (PV)";86
"1.4.2 Moord, doodslag";"2014";"Flevoland (PV)";99
"1.4.2 Moord, doodslag";"2015";"Flevoland (PV)";79
"1.4.2 Moord, doodslag";"2016";"Flevoland (PV)";83
"1.4.2 Moord, doodslag";"2017";"Flevoland (PV)";48
"1.4.2 Moord, doodslag";"2018";"Flevoland (PV)";68
"1.4.2 Moord, doodslag";"2013";"Gelderland (PV)";299
"1.4.2 Moord, doodslag";"2014";"Gelderland (PV)";273
"1.4.2 Moord, doodslag";"2015";"Gelderland (PV)";310
"1.4.2 Moord, doodslag";"2016";"Gelderland (PV)";273
"1.4.2 Moord, doodslag";"2017";"Gelderland (PV)";272
"1.4.2 Moord, doodslag";"2018";"Gelderland (PV)";240
"1.4.2 Moord, doodslag";"2013";"Utrecht (PV)";201
"1.4.2 Moord, doodslag";"2014";"Utrecht (PV)";177
"1.4.2 Moord, doodslag";"2015";"Utrecht (PV)";176
"1.4.2 Moord, doodslag";"2016";"Utrecht (PV)";175
"1.4.2 Moord, doodslag";"2017";"Utrecht (PV)";139
"1.4.2 Moord, doodslag";"2018";"Utrecht (PV)";155
"1.4.2 Moord, doodslag";"2013";"Noord-Holland (PV)";640
"1.4.2 Moord, doodslag";"2014";"Noord-Holland (PV)";644
"1.4.2 Moord, doodslag";"2015";"Noord-Holland (PV)";598
"1.4.2 Moord, doodslag";"2016";"Noord-Holland (PV)";533
"1.4.2 Moord, doodslag";"2017";"Noord-Holland (PV)";512
"1.4.2 Moord, doodslag";"2018";"Noord-Holland (PV)";520
"1.4.2 Moord, doodslag";"2013";"Zuid-Holland (PV)";823
"1.4.2 Moord, doodslag";"2014";"Zuid-Holland (PV)";808
"1.4.2 Moord, doodslag";"2015";"Zuid-Holland (PV)";833
"1.4.2 Moord, doodslag";"2016";"Zuid-Holland (PV)";862
"1.4.2 Moord, doodslag";"2017";"Zuid-Holland (PV)";785
"1.4.2 Moord, doodslag";"2018";"Zuid-Holland (PV)";671
"1.4.2 Moord, doodslag";"2013";"Zeeland (PV)";66
"1.4.2 Moord, doodslag";"2014";"Zeeland (PV)";60
"1.4.2 Moord, doodslag";"2015";"Zeeland (PV)";52
"1.4.2 Moord, doodslag";"2016";"Zeeland (PV)";46
"1.4.2 Moord, doodslag";"2017";"Zeeland (PV)";56
"1.4.2 Moord, doodslag";"2018";"Zeeland (PV)";65
"1.4.2 Moord, doodslag";"2013";"Noord-Brabant (PV)";454
"1.4.2 Moord, doodslag";"2014";"Noord-Brabant (PV)";471
"1.4.2 Moord, doodslag";"2015";"Noord-Brabant (PV)";439
"1.4.2 Moord, doodslag";"2016";"Noord-Brabant (PV)";441
"1.4.2 Moord, doodslag";"2017";"Noord-Brabant (PV)";436
"1.4.2 Moord, doodslag";"2018";"Noord-Brabant (PV)";433
"1.4.2 Moord, doodslag";"2013";"Limburg (PV)";267
"1.4.2 Moord, doodslag";"2014";"Limburg (PV)";234
"1.4.2 Moord, doodslag";"2015";"Limburg (PV)";248
"1.4.2 Moord, doodslag";"2016";"Limburg (PV)";187
"1.4.2 Moord, doodslag";"2017";"Limburg (PV)";232
"1.4.2 Moord, doodslag";"2018";"Limburg (PV)";199
"1.4.3 Openlijk geweld (persoon)";"2013";"Nederland";4689
"1.4.3 Openlijk geweld (persoon)";"2014";"Nederland";4234
"1.4.3 Openlijk geweld (persoon)";"2015";"Nederland";3902
"1.4.3 Openlijk geweld (persoon)";"2016";"Nederland";3688
"1.4.3 Openlijk geweld (persoon)";"2017";"Nederland";3765
"1.4.3 Openlijk geweld (persoon)";"2018";"Nederland";3593
"1.4.3 Openlijk geweld (persoon)";"2013";"Groningen (PV)";152
"1.4.3 Openlijk geweld (persoon)";"2014";"Groningen (PV)";106
"1.4.3 Openlijk geweld (persoon)";"2015";"Groningen (PV)";110
"1.4.3 Openlijk geweld (persoon)";"2016";"Groningen (PV)";84
"1.4.3 Openlijk geweld (persoon)";"2017";"Groningen (PV)";94
"1.4.3 Openlijk geweld (persoon)";"2018";"Groningen (PV)";90
"1.4.3 Openlijk geweld (persoon)";"2013";"Friesland (PV)";92
"1.4.3 Openlijk geweld (persoon)";"2014";"Friesland (PV)";59
"1.4.3 Openlijk geweld (persoon)";"2015";"Friesland (PV)";54
"1.4.3 Openlijk geweld (persoon)";"2016";"Friesland (PV)";66
"1.4.3 Openlijk geweld (persoon)";"2017";"Friesland (PV)";53
"1.4.3 Openlijk geweld (persoon)";"2018";"Friesland (PV)";90
"1.4.3 Openlijk geweld (persoon)";"2013";"Drenthe (PV)";71
"1.4.3 Openlijk geweld (persoon)";"2014";"Drenthe (PV)";72
"1.4.3 Openlijk geweld (persoon)";"2015";"Drenthe (PV)";78
"1.4.3 Openlijk geweld (persoon)";"2016";"Drenthe (PV)";76
"1.4.3 Openlijk geweld (persoon)";"2017";"Drenthe (PV)";46
"1.4.3 Openlijk geweld (persoon)";"2018";"Drenthe (PV)";54
"1.4.3 Openlijk geweld (persoon)";"2013";"Overijssel (PV)";233
"1.4.3 Openlijk geweld (persoon)";"2014";"Overijssel (PV)";241
"1.4.3 Openlijk geweld (persoon)";"2015";"Overijssel (PV)";207
"1.4.3 Openlijk geweld (persoon)";"2016";"Overijssel (PV)";152
"1.4.3 Openlijk geweld (persoon)";"2017";"Overijssel (PV)";194
"1.4.3 Openlijk geweld (persoon)";"2018";"Overijssel (PV)";229
"1.4.3 Openlijk geweld (persoon)";"2013";"Flevoland (PV)";104
"1.4.3 Openlijk geweld (persoon)";"2014";"Flevoland (PV)";99
"1.4.3 Openlijk geweld (persoon)";"2015";"Flevoland (PV)";87
"1.4.3 Openlijk geweld (persoon)";"2016";"Flevoland (PV)";97
"1.4.3 Openlijk geweld (persoon)";"2017";"Flevoland (PV)";94
"1.4.3 Openlijk geweld (persoon)";"2018";"Flevoland (PV)";83
"1.4.3 Openlijk geweld (persoon)";"2013";"Gelderland (PV)";453
"1.4.3 Openlijk geweld (persoon)";"2014";"Gelderland (PV)";412
"1.4.3 Openlijk geweld (persoon)";"2015";"Gelderland (PV)";379
"1.4.3 Openlijk geweld (persoon)";"2016";"Gelderland (PV)";357
"1.4.3 Openlijk geweld (persoon)";"2017";"Gelderland (PV)";411
"1.4.3 Openlijk geweld (persoon)";"2018";"Gelderland (PV)";341
"1.4.3 Openlijk geweld (persoon)";"2013";"Utrecht (PV)";462
"1.4.3 Openlijk geweld (persoon)";"2014";"Utrecht (PV)";312
"1.4.3 Openlijk geweld (persoon)";"2015";"Utrecht (PV)";400
"1.4.3 Openlijk geweld (persoon)";"2016";"Utrecht (PV)";317
"1.4.3 Openlijk geweld (persoon)";"2017";"Utrecht (PV)";310
"1.4.3 Openlijk geweld (persoon)";"2018";"Utrecht (PV)";308
"1.4.3 Openlijk geweld (persoon)";"2013";"Noord-Holland (PV)";795
"1.4.3 Openlijk geweld (persoon)";"2014";"Noord-Holland (PV)";708
"1.4.3 Openlijk geweld (persoon)";"2015";"Noord-Holland (PV)";633
"1.4.3 Openlijk geweld (persoon)";"2016";"Noord-Holland (PV)";667
"1.4.3 Openlijk geweld (persoon)";"2017";"Noord-Holland (PV)";623
"1.4.3 Openlijk geweld (persoon)";"2018";"Noord-Holland (PV)";546
"1.4.3 Openlijk geweld (persoon)";"2013";"Zuid-Holland (PV)";1178
"1.4.3 Openlijk geweld (persoon)";"2014";"Zuid-Holland (PV)";1210
"1.4.3 Openlijk geweld (persoon)";"2015";"Zuid-Holland (PV)";1044
"1.4.3 Openlijk geweld (persoon)";"2016";"Zuid-Holland (PV)";933
"1.4.3 Openlijk geweld (persoon)";"2017";"Zuid-Holland (PV)";1049
"1.4.3 Openlijk geweld (persoon)";"2018";"Zuid-Holland (PV)";1015
"1.4.3 Openlijk geweld (persoon)";"2013";"Zeeland (PV)";88
"1.4.3 Openlijk geweld (persoon)";"2014";"Zeeland (PV)";77
"1.4.3 Openlijk geweld (persoon)";"2015";"Zeeland (PV)";74
"1.4.3 Openlijk geweld (persoon)";"2016";"Zeeland (PV)";54
"1.4.3 Openlijk geweld (persoon)";"2017";"Zeeland (PV)";54
"1.4.3 Openlijk geweld (persoon)";"2018";"Zeeland (PV)";45
"1.4.3 Openlijk geweld (persoon)";"2013";"Noord-Brabant (PV)";805
"1.4.3 Openlijk geweld (persoon)";"2014";"Noord-Brabant (PV)";692
"1.4.3 Openlijk geweld (persoon)";"2015";"Noord-Brabant (PV)";643
"1.4.3 Openlijk geweld (persoon)";"2016";"Noord-Brabant (PV)";683
"1.4.3 Openlijk geweld (persoon)";"2017";"Noord-Brabant (PV)";656
"1.4.3 Openlijk geweld (persoon)";"2018";"Noord-Brabant (PV)";608
"1.4.3 Openlijk geweld (persoon)";"2013";"Limburg (PV)";256
"1.4.3 Openlijk geweld (persoon)";"2014";"Limburg (PV)";246
"1.4.3 Openlijk geweld (persoon)";"2015";"Limburg (PV)";193
"1.4.3 Openlijk geweld (persoon)";"2016";"Limburg (PV)";202
"1.4.3 Openlijk geweld (persoon)";"2017";"Limburg (PV)";181
"1.4.3 Openlijk geweld (persoon)";"2018";"Limburg (PV)";184
"1.4.4 Bedreiging";"2013";"Nederland";36267
"1.4.4 Bedreiging";"2014";"Nederland";34455
"1.4.4 Bedreiging";"2015";"Nederland";31783
"1.4.4 Bedreiging";"2016";"Nederland";30310
"1.4.4 Bedreiging";"2017";"Nederland";27746
"1.4.4 Bedreiging";"2018";"Nederland";26731
"1.4.4 Bedreiging";"2013";"Groningen (PV)";1454
"1.4.4 Bedreiging";"2014";"Groningen (PV)";1279
"1.4.4 Bedreiging";"2015";"Groningen (PV)";1154
"1.4.4 Bedreiging";"2016";"Groningen (PV)";1140
"1.4.4 Bedreiging";"2017";"Groningen (PV)";1065
"1.4.4 Bedreiging";"2018";"Groningen (PV)";991
"1.4.4 Bedreiging";"2013";"Friesland (PV)";1142
"1.4.4 Bedreiging";"2014";"Friesland (PV)";1083
"1.4.4 Bedreiging";"2015";"Friesland (PV)";913
"1.4.4 Bedreiging";"2016";"Friesland (PV)";874
"1.4.4 Bedreiging";"2017";"Friesland (PV)";815
"1.4.4 Bedreiging";"2018";"Friesland (PV)";798
"1.4.4 Bedreiging";"2013";"Drenthe (PV)";1024
"1.4.4 Bedreiging";"2014";"Drenthe (PV)";996
"1.4.4 Bedreiging";"2015";"Drenthe (PV)";793
"1.4.4 Bedreiging";"2016";"Drenthe (PV)";654
"1.4.4 Bedreiging";"2017";"Drenthe (PV)";669
"1.4.4 Bedreiging";"2018";"Drenthe (PV)";606
"1.4.4 Bedreiging";"2013";"Overijssel (PV)";1942
"1.4.4 Bedreiging";"2014";"Overijssel (PV)";1742
"1.4.4 Bedreiging";"2015";"Overijssel (PV)";1618
"1.4.4 Bedreiging";"2016";"Overijssel (PV)";1595
"1.4.4 Bedreiging";"2017";"Overijssel (PV)";1419
"1.4.4 Bedreiging";"2018";"Overijssel (PV)";1337
"1.4.4 Bedreiging";"2013";"Flevoland (PV)";931
"1.4.4 Bedreiging";"2014";"Flevoland (PV)";825
"1.4.4 Bedreiging";"2015";"Flevoland (PV)";762
"1.4.4 Bedreiging";"2016";"Flevoland (PV)";765
"1.4.4 Bedreiging";"2017";"Flevoland (PV)";705
"1.4.4 Bedreiging";"2018";"Flevoland (PV)";680
"1.4.4 Bedreiging";"2013";"Gelderland (PV)";3317
"1.4.4 Bedreiging";"2014";"Gelderland (PV)";3302
"1.4.4 Bedreiging";"2015";"Gelderland (PV)";3117
"1.4.4 Bedreiging";"2016";"Gelderland (PV)";2851
"1.4.4 Bedreiging";"2017";"Gelderland (PV)";2698
"1.4.4 Bedreiging";"2018";"Gelderland (PV)";2465
"1.4.4 Bedreiging";"2013";"Utrecht (PV)";2108
"1.4.4 Bedreiging";"2014";"Utrecht (PV)";1979
"1.4.4 Bedreiging";"2015";"Utrecht (PV)";1739
"1.4.4 Bedreiging";"2016";"Utrecht (PV)";1731
"1.4.4 Bedreiging";"2017";"Utrecht (PV)";1590
"1.4.4 Bedreiging";"2018";"Utrecht (PV)";1591
"1.4.4 Bedreiging";"2013";"Noord-Holland (PV)";6956
"1.4.4 Bedreiging";"2014";"Noord-Holland (PV)";6741
"1.4.4 Bedreiging";"2015";"Noord-Holland (PV)";6275
"1.4.4 Bedreiging";"2016";"Noord-Holland (PV)";5929
"1.4.4 Bedreiging";"2017";"Noord-Holland (PV)";5213
"1.4.4 Bedreiging";"2018";"Noord-Holland (PV)";5046
"1.4.4 Bedreiging";"2013";"Zuid-Holland (PV)";9140
"1.4.4 Bedreiging";"2014";"Zuid-Holland (PV)";8469
"1.4.4 Bedreiging";"2015";"Zuid-Holland (PV)";7717
"1.4.4 Bedreiging";"2016";"Zuid-Holland (PV)";7480
"1.4.4 Bedreiging";"2017";"Zuid-Holland (PV)";7040
"1.4.4 Bedreiging";"2018";"Zuid-Holland (PV)";7097
"1.4.4 Bedreiging";"2013";"Zeeland (PV)";805
"1.4.4 Bedreiging";"2014";"Zeeland (PV)";718
"1.4.4 Bedreiging";"2015";"Zeeland (PV)";670
"1.4.4 Bedreiging";"2016";"Zeeland (PV)";636
"1.4.4 Bedreiging";"2017";"Zeeland (PV)";526
"1.4.4 Bedreiging";"2018";"Zeeland (PV)";586
"1.4.4 Bedreiging";"2013";"Noord-Brabant (PV)";4778
"1.4.4 Bedreiging";"2014";"Noord-Brabant (PV)";4850
"1.4.4 Bedreiging";"2015";"Noord-Brabant (PV)";4845
"1.4.4 Bedreiging";"2016";"Noord-Brabant (PV)";4665
"1.4.4 Bedreiging";"2017";"Noord-Brabant (PV)";4185
"1.4.4 Bedreiging";"2018";"Noord-Brabant (PV)";3894
"1.4.4 Bedreiging";"2013";"Limburg (PV)";2670
"1.4.4 Bedreiging";"2014";"Limburg (PV)";2470
"1.4.4 Bedreiging";"2015";"Limburg (PV)";2180
"1.4.4 Bedreiging";"2016";"Limburg (PV)";1990
"1.4.4 Bedreiging";"2017";"Limburg (PV)";1821
"1.4.4 Bedreiging";"2018";"Limburg (PV)";1640
"1.4.6 Straatroof";"2013";"Nederland";7004
"1.4.6 Straatroof";"2014";"Nederland";5426
"1.4.6 Straatroof";"2015";"Nederland";4736
"1.4.6 Straatroof";"2016";"Nederland";4178
"1.4.6 Straatroof";"2017";"Nederland";3590
"1.4.6 Straatroof";"2018";"Nederland";3520
"1.4.6 Straatroof";"2013";"Groningen (PV)";95
"1.4.6 Straatroof";"2014";"Groningen (PV)";78
"1.4.6 Straatroof";"2015";"Groningen (PV)";71
"1.4.6 Straatroof";"2016";"Groningen (PV)";57
"1.4.6 Straatroof";"2017";"Groningen (PV)";58
"1.4.6 Straatroof";"2018";"Groningen (PV)";39
"1.4.6 Straatroof";"2013";"Friesland (PV)";56
"1.4.6 Straatroof";"2014";"Friesland (PV)";48
"1.4.6 Straatroof";"2015";"Friesland (PV)";54
"1.4.6 Straatroof";"2016";"Friesland (PV)";28
"1.4.6 Straatroof";"2017";"Friesland (PV)";18
"1.4.6 Straatroof";"2018";"Friesland (PV)";26
"1.4.6 Straatroof";"2013";"Drenthe (PV)";25
"1.4.6 Straatroof";"2014";"Drenthe (PV)";21
"1.4.6 Straatroof";"2015";"Drenthe (PV)";18
"1.4.6 Straatroof";"2016";"Drenthe (PV)";26
"1.4.6 Straatroof";"2017";"Drenthe (PV)";24
"1.4.6 Straatroof";"2018";"Drenthe (PV)";23
"1.4.6 Straatroof";"2013";"Overijssel (PV)";116
"1.4.6 Straatroof";"2014";"Overijssel (PV)";105
"1.4.6 Straatroof";"2015";"Overijssel (PV)";99
"1.4.6 Straatroof";"2016";"Overijssel (PV)";71
"1.4.6 Straatroof";"2017";"Overijssel (PV)";67
"1.4.6 Straatroof";"2018";"Overijssel (PV)";59
"1.4.6 Straatroof";"2013";"Flevoland (PV)";250
"1.4.6 Straatroof";"2014";"Flevoland (PV)";200
"1.4.6 Straatroof";"2015";"Flevoland (PV)";143
"1.4.6 Straatroof";"2016";"Flevoland (PV)";119
"1.4.6 Straatroof";"2017";"Flevoland (PV)";87
"1.4.6 Straatroof";"2018";"Flevoland (PV)";97
"1.4.6 Straatroof";"2013";"Gelderland (PV)";345
"1.4.6 Straatroof";"2014";"Gelderland (PV)";196
"1.4.6 Straatroof";"2015";"Gelderland (PV)";198
"1.4.6 Straatroof";"2016";"Gelderland (PV)";214
"1.4.6 Straatroof";"2017";"Gelderland (PV)";142
"1.4.6 Straatroof";"2018";"Gelderland (PV)";135
"1.4.6 Straatroof";"2013";"Utrecht (PV)";353
"1.4.6 Straatroof";"2014";"Utrecht (PV)";284
"1.4.6 Straatroof";"2015";"Utrecht (PV)";257
"1.4.6 Straatroof";"2016";"Utrecht (PV)";208
"1.4.6 Straatroof";"2017";"Utrecht (PV)";147
"1.4.6 Straatroof";"2018";"Utrecht (PV)";151
"1.4.6 Straatroof";"2013";"Noord-Holland (PV)";2638
"1.4.6 Straatroof";"2014";"Noord-Holland (PV)";2074
"1.4.6 Straatroof";"2015";"Noord-Holland (PV)";1748
"1.4.6 Straatroof";"2016";"Noord-Holland (PV)";1626
"1.4.6 Straatroof";"2017";"Noord-Holland (PV)";1403
"1.4.6 Straatroof";"2018";"Noord-Holland (PV)";1479
"1.4.6 Straatroof";"2013";"Zuid-Holland (PV)";2060
"1.4.6 Straatroof";"2014";"Zuid-Holland (PV)";1548
"1.4.6 Straatroof";"2015";"Zuid-Holland (PV)";1471
"1.4.6 Straatroof";"2016";"Zuid-Holland (PV)";1317
"1.4.6 Straatroof";"2017";"Zuid-Holland (PV)";1213
"1.4.6 Straatroof";"2018";"Zuid-Holland (PV)";1084
"1.4.6 Straatroof";"2013";"Zeeland (PV)";58
"1.4.6 Straatroof";"2014";"Zeeland (PV)";45
"1.4.6 Straatroof";"2015";"Zeeland (PV)";31
"1.4.6 Straatroof";"2016";"Zeeland (PV)";33
"1.4.6 Straatroof";"2017";"Zeeland (PV)";38
"1.4.6 Straatroof";"2018";"Zeeland (PV)";30
"1.4.6 Straatroof";"2013";"Noord-Brabant (PV)";689
"1.4.6 Straatroof";"2014";"Noord-Brabant (PV)";531
"1.4.6 Straatroof";"2015";"Noord-Brabant (PV)";436
"1.4.6 Straatroof";"2016";"Noord-Brabant (PV)";324
"1.4.6 Straatroof";"2017";"Noord-Brabant (PV)";290
"1.4.6 Straatroof";"2018";"Noord-Brabant (PV)";278
"1.4.6 Straatroof";"2013";"Limburg (PV)";319
"1.4.6 Straatroof";"2014";"Limburg (PV)";296
"1.4.6 Straatroof";"2015";"Limburg (PV)";210
"1.4.6 Straatroof";"2016";"Limburg (PV)";155
"1.4.6 Straatroof";"2017";"Limburg (PV)";103
"1.4.6 Straatroof";"2018";"Limburg (PV)";119
"2.2.1 Vernieling cq. zaakbeschadiging";"2013";"Nederland";118106
"2.2.1 Vernieling cq. zaakbeschadiging";"2014";"Nederland";110108
"2.2.1 Vernieling cq. zaakbeschadiging";"2015";"Nederland";101890
"2.2.1 Vernieling cq. zaakbeschadiging";"2016";"Nederland";94580
"2.2.1 Vernieling cq. zaakbeschadiging";"2017";"Nederland";81567
"2.2.1 Vernieling cq. zaakbeschadiging";"2018";"Nederland";71987
"2.2.1 Vernieling cq. zaakbeschadiging";"2013";"Groningen (PV)";4332
"2.2.1 Vernieling cq. zaakbeschadiging";"2014";"Groningen (PV)";3838
"2.2.1 Vernieling cq. zaakbeschadiging";"2015";"Groningen (PV)";3444
"2.2.1 Vernieling cq. zaakbeschadiging";"2016";"Groningen (PV)";3353
"2.2.1 Vernieling cq. zaakbeschadiging";"2017";"Groningen (PV)";3381
"2.2.1 Vernieling cq. zaakbeschadiging";"2018";"Groningen (PV)";2775
"2.2.1 Vernieling cq. zaakbeschadiging";"2013";"Friesland (PV)";4377
"2.2.1 Vernieling cq. zaakbeschadiging";"2014";"Friesland (PV)";3944
"2.2.1 Vernieling cq. zaakbeschadiging";"2015";"Friesland (PV)";3657
"2.2.1 Vernieling cq. zaakbeschadiging";"2016";"Friesland (PV)";3199
"2.2.1 Vernieling cq. zaakbeschadiging";"2017";"Friesland (PV)";2939
"2.2.1 Vernieling cq. zaakbeschadiging";"2018";"Friesland (PV)";2689
"2.2.1 Vernieling cq. zaakbeschadiging";"2013";"Drenthe (PV)";3415
"2.2.1 Vernieling cq. zaakbeschadiging";"2014";"Drenthe (PV)";3258
"2.2.1 Vernieling cq. zaakbeschadiging";"2015";"Drenthe (PV)";2705
"2.2.1 Vernieling cq. zaakbeschadiging";"2016";"Drenthe (PV)";2387
"2.2.1 Vernieling cq. zaakbeschadiging";"2017";"Drenthe (PV)";2022
"2.2.1 Vernieling cq. zaakbeschadiging";"2018";"Drenthe (PV)";1826
"2.2.1 Vernieling cq. zaakbeschadiging";"2013";"Overijssel (PV)";7423
"2.2.1 Vernieling cq. zaakbeschadiging";"2014";"Overijssel (PV)";6544
"2.2.1 Vernieling cq. zaakbeschadiging";"2015";"Overijssel (PV)";5833
"2.2.1 Vernieling cq. zaakbeschadiging";"2016";"Overijssel (PV)";5225
"2.2.1 Vernieling cq. zaakbeschadiging";"2017";"Overijssel (PV)";4727
"2.2.1 Vernieling cq. zaakbeschadiging";"2018";"Overijssel (PV)";4262
"2.2.1 Vernieling cq. zaakbeschadiging";"2013";"Flevoland (PV)";2832
"2.2.1 Vernieling cq. zaakbeschadiging";"2014";"Flevoland (PV)";2810
"2.2.1 Vernieling cq. zaakbeschadiging";"2015";"Flevoland (PV)";2362
"2.2.1 Vernieling cq. zaakbeschadiging";"2016";"Flevoland (PV)";2340
"2.2.1 Vernieling cq. zaakbeschadiging";"2017";"Flevoland (PV)";2042
"2.2.1 Vernieling cq. zaakbeschadiging";"2018";"Flevoland (PV)";1852
"2.2.1 Vernieling cq. zaakbeschadiging";"2013";"Gelderland (PV)";12661
"2.2.1 Vernieling cq. zaakbeschadiging";"2014";"Gelderland (PV)";11715
"2.2.1 Vernieling cq. zaakbeschadiging";"2015";"Gelderland (PV)";10756
"2.2.1 Vernieling cq. zaakbeschadiging";"2016";"Gelderland (PV)";10381
"2.2.1 Vernieling cq. zaakbeschadiging";"2017";"Gelderland (PV)";8685
"2.2.1 Vernieling cq. zaakbeschadiging";"2018";"Gelderland (PV)";7418
"2.2.1 Vernieling cq. zaakbeschadiging";"2013";"Utrecht (PV)";7876
"2.2.1 Vernieling cq. zaakbeschadiging";"2014";"Utrecht (PV)";7674
"2.2.1 Vernieling cq. zaakbeschadiging";"2015";"Utrecht (PV)";7787
"2.2.1 Vernieling cq. zaakbeschadiging";"2016";"Utrecht (PV)";6837
"2.2.1 Vernieling cq. zaakbeschadiging";"2017";"Utrecht (PV)";6121
"2.2.1 Vernieling cq. zaakbeschadiging";"2018";"Utrecht (PV)";5403
"2.2.1 Vernieling cq. zaakbeschadiging";"2013";"Noord-Holland (PV)";20071
"2.2.1 Vernieling cq. zaakbeschadiging";"2014";"Noord-Holland (PV)";19400
"2.2.1 Vernieling cq. zaakbeschadiging";"2015";"Noord-Holland (PV)";18027
"2.2.1 Vernieling cq. zaakbeschadiging";"2016";"Noord-Holland (PV)";17011
"2.2.1 Vernieling cq. zaakbeschadiging";"2017";"Noord-Holland (PV)";14780
"2.2.1 Vernieling cq. zaakbeschadiging";"2018";"Noord-Holland (PV)";12886
"2.2.1 Vernieling cq. zaakbeschadiging";"2013";"Zuid-Holland (PV)";26750
"2.2.1 Vernieling cq. zaakbeschadiging";"2014";"Zuid-Holland (PV)";24380
"2.2.1 Vernieling cq. zaakbeschadiging";"2015";"Zuid-Holland (PV)";22843
"2.2.1 Vernieling cq. zaakbeschadiging";"2016";"Zuid-Holland (PV)";21519
"2.2.1 Vernieling cq. zaakbeschadiging";"2017";"Zuid-Holland (PV)";18147
"2.2.1 Vernieling cq. zaakbeschadiging";"2018";"Zuid-Holland (PV)";16308
"2.2.1 Vernieling cq. zaakbeschadiging";"2013";"Zeeland (PV)";2802
"2.2.1 Vernieling cq. zaakbeschadiging";"2014";"Zeeland (PV)";2427
"2.2.1 Vernieling cq. zaakbeschadiging";"2015";"Zeeland (PV)";2632
"2.2.1 Vernieling cq. zaakbeschadiging";"2016";"Zeeland (PV)";2148
"2.2.1 Vernieling cq. zaakbeschadiging";"2017";"Zeeland (PV)";1762
"2.2.1 Vernieling cq. zaakbeschadiging";"2018";"Zeeland (PV)";1463
"2.2.1 Vernieling cq. zaakbeschadiging";"2013";"Noord-Brabant (PV)";16946
"2.2.1 Vernieling cq. zaakbeschadiging";"2014";"Noord-Brabant (PV)";15951
"2.2.1 Vernieling cq. zaakbeschadiging";"2015";"Noord-Brabant (PV)";14657
"2.2.1 Vernieling cq. zaakbeschadiging";"2016";"Noord-Brabant (PV)";13920
"2.2.1 Vernieling cq. zaakbeschadiging";"2017";"Noord-Brabant (PV)";11504
"2.2.1 Vernieling cq. zaakbeschadiging";"2018";"Noord-Brabant (PV)";10284
"2.2.1 Vernieling cq. zaakbeschadiging";"2013";"Limburg (PV)";8620
"2.2.1 Vernieling cq. zaakbeschadiging";"2014";"Limburg (PV)";8166
"2.2.1 Vernieling cq. zaakbeschadiging";"2015";"Limburg (PV)";7185
"2.2.1 Vernieling cq. zaakbeschadiging";"2016";"Limburg (PV)";6260
"2.2.1 Vernieling cq. zaakbeschadiging";"2017";"Limburg (PV)";5457
"2.2.1 Vernieling cq. zaakbeschadiging";"2018";"Limburg (PV)";4820
"2.5.2 Winkeldiefstal";"2013";"Nederland";43097
"2.5.2 Winkeldiefstal";"2014";"Nederland";41811
"2.5.2 Winkeldiefstal";"2015";"Nederland";40200
"2.5.2 Winkeldiefstal";"2016";"Nederland";39081
"2.5.2 Winkeldiefstal";"2017";"Nederland";37587
"2.5.2 Winkeldiefstal";"2018";"Nederland";37492
"2.5.2 Winkeldiefstal";"2013";"Groningen (PV)";1661
"2.5.2 Winkeldiefstal";"2014";"Groningen (PV)";1595
"2.5.2 Winkeldiefstal";"2015";"Groningen (PV)";1733
"2.5.2 Winkeldiefstal";"2016";"Groningen (PV)";1855
"2.5.2 Winkeldiefstal";"2017";"Groningen (PV)";1582
"2.5.2 Winkeldiefstal";"2018";"Groningen (PV)";1540
"2.5.2 Winkeldiefstal";"2013";"Friesland (PV)";1076
"2.5.2 Winkeldiefstal";"2014";"Friesland (PV)";1216
"2.5.2 Winkeldiefstal";"2015";"Friesland (PV)";1166
"2.5.2 Winkeldiefstal";"2016";"Friesland (PV)";1046
"2.5.2 Winkeldiefstal";"2017";"Friesland (PV)";1051
"2.5.2 Winkeldiefstal";"2018";"Friesland (PV)";1062
"2.5.2 Winkeldiefstal";"2013";"Drenthe (PV)";651
"2.5.2 Winkeldiefstal";"2014";"Drenthe (PV)";734
"2.5.2 Winkeldiefstal";"2015";"Drenthe (PV)";711
"2.5.2 Winkeldiefstal";"2016";"Drenthe (PV)";811
"2.5.2 Winkeldiefstal";"2017";"Drenthe (PV)";707
"2.5.2 Winkeldiefstal";"2018";"Drenthe (PV)";521
"2.5.2 Winkeldiefstal";"2013";"Overijssel (PV)";2267
"2.5.2 Winkeldiefstal";"2014";"Overijssel (PV)";2012
"2.5.2 Winkeldiefstal";"2015";"Overijssel (PV)";1930
"2.5.2 Winkeldiefstal";"2016";"Overijssel (PV)";1868
"2.5.2 Winkeldiefstal";"2017";"Overijssel (PV)";1927
"2.5.2 Winkeldiefstal";"2018";"Overijssel (PV)";2106
"2.5.2 Winkeldiefstal";"2013";"Flevoland (PV)";1321
"2.5.2 Winkeldiefstal";"2014";"Flevoland (PV)";1406
"2.5.2 Winkeldiefstal";"2015";"Flevoland (PV)";1231
"2.5.2 Winkeldiefstal";"2016";"Flevoland (PV)";1210
"2.5.2 Winkeldiefstal";"2017";"Flevoland (PV)";1422
"2.5.2 Winkeldiefstal";"2018";"Flevoland (PV)";1200
"2.5.2 Winkeldiefstal";"2013";"Gelderland (PV)";3939
"2.5.2 Winkeldiefstal";"2014";"Gelderland (PV)";4327
"2.5.2 Winkeldiefstal";"2015";"Gelderland (PV)";3980
"2.5.2 Winkeldiefstal";"2016";"Gelderland (PV)";3691
"2.5.2 Winkeldiefstal";"2017";"Gelderland (PV)";3552
"2.5.2 Winkeldiefstal";"2018";"Gelderland (PV)";3539
"2.5.2 Winkeldiefstal";"2013";"Utrecht (PV)";3143
"2.5.2 Winkeldiefstal";"2014";"Utrecht (PV)";2992
"2.5.2 Winkeldiefstal";"2015";"Utrecht (PV)";2718
"2.5.2 Winkeldiefstal";"2016";"Utrecht (PV)";2835
"2.5.2 Winkeldiefstal";"2017";"Utrecht (PV)";2818
"2.5.2 Winkeldiefstal";"2018";"Utrecht (PV)";2828
"2.5.2 Winkeldiefstal";"2013";"Noord-Holland (PV)";9296
"2.5.2 Winkeldiefstal";"2014";"Noord-Holland (PV)";9099
"2.5.2 Winkeldiefstal";"2015";"Noord-Holland (PV)";8414
"2.5.2 Winkeldiefstal";"2016";"Noord-Holland (PV)";8400
"2.5.2 Winkeldiefstal";"2017";"Noord-Holland (PV)";8031
"2.5.2 Winkeldiefstal";"2018";"Noord-Holland (PV)";8194
"2.5.2 Winkeldiefstal";"2013";"Zuid-Holland (PV)";10991
"2.5.2 Winkeldiefstal";"2014";"Zuid-Holland (PV)";10441
"2.5.2 Winkeldiefstal";"2015";"Zuid-Holland (PV)";10516
"2.5.2 Winkeldiefstal";"2016";"Zuid-Holland (PV)";9676
"2.5.2 Winkeldiefstal";"2017";"Zuid-Holland (PV)";9216
"2.5.2 Winkeldiefstal";"2018";"Zuid-Holland (PV)";8680
"2.5.2 Winkeldiefstal";"2013";"Zeeland (PV)";696
"2.5.2 Winkeldiefstal";"2014";"Zeeland (PV)";648
"2.5.2 Winkeldiefstal";"2015";"Zeeland (PV)";573
"2.5.2 Winkeldiefstal";"2016";"Zeeland (PV)";611
"2.5.2 Winkeldiefstal";"2017";"Zeeland (PV)";552
"2.5.2 Winkeldiefstal";"2018";"Zeeland (PV)";501
"2.5.2 Winkeldiefstal";"2013";"Noord-Brabant (PV)";5656
"2.5.2 Winkeldiefstal";"2014";"Noord-Brabant (PV)";5124
"2.5.2 Winkeldiefstal";"2015";"Noord-Brabant (PV)";4714
"2.5.2 Winkeldiefstal";"2016";"Noord-Brabant (PV)";4694
"2.5.2 Winkeldiefstal";"2017";"Noord-Brabant (PV)";4518
"2.5.2 Winkeldiefstal";"2018";"Noord-Brabant (PV)";5012
"2.5.2 Winkeldiefstal";"2013";"Limburg (PV)";2400
"2.5.2 Winkeldiefstal";"2014";"Limburg (PV)";2217
"2.5.2 Winkeldiefstal";"2015";"Limburg (PV)";2514
"2.5.2 Winkeldiefstal";"2016";"Limburg (PV)";2384
"2.5.2 Winkeldiefstal";"2017";"Limburg (PV)";2211
"2.5.2 Winkeldiefstal";"2018";"Limburg (PV)";2309
